gp,locname
Perranporth Surgery,Zelah
Cornwall Health For Homeless,Zelah
Lander Medical Practice,Zelah
Three Spires Medical Practice,Zelah
Threemilestone Surgery,Zelah
Summercourt,Zelah
St. Agnes Surgery,Zelah
Chacewater Health Centre,Zelah
Newquay Health Centre,Zelah
Probus Surgery,Zelah
Cross Street Surgery,Zouch
Sutton Bonington Branch,Zouch
Dishley Grange Medical Practice,Zouch
Loughborough Urgent Care Centre,Zouch
Orchard Surgery,Zouch
Charnwood Medical Group,Zouch
Woodbrook Medical Centre,Zouch
Bridge Street Medical Practice,Zouch
Forest Edge Medical Centre,Zouch
Field Street Surgery,Zouch
Stennack Surgery,Zennor
Atlantic Medical Group,Zennor
Rosmellyn Surgery,Zennor
Sunnyside Surgery,Zennor
Morrab Surgery,Zennor
Pendeen Surgery,Zennor
Newlyn Surgery,Zennor
Marazion Surgery,Zennor
Bodriggy Health Centre,Zennor
Cape Cornwall Surgery,Zennor
Silton Surgery,Zeals
Mere Surgery,Zeals
Peacemarsh Surgery,Zeals
Gillingham Medical Practice,Zeals
Wincanton Health Centre,Zeals
Bruton Surgery,Zeals
Templecombe Surgery,Zeals
The Blackmore Vale Partnership,Zeals
The Blackmore Vale Partnership,Zeals
Hindon Surgery,Zeals
Bow Medical Practice,Zeal Monachorum
North Tawton Medical Practice,Zeal Monachorum
Morchard Bishop Surgery,Zeal Monachorum
Winkleigh Surgery,Zeal Monachorum
Wallingbrook Health Centre,Zeal Monachorum
Cheriton Bishop Surgery,Zeal Monachorum
Redlands Primary Care,Zeal Monachorum
Mid Devon Medical Practice,Zeal Monachorum
OKEHAMPTON MEDICAL CENTRE,Zeal Monachorum
Cheriton Fitzpaine Surgery,Zeal Monachorum
Narrowcliff Surgery,Zelah
Mount Hawke Surgery,Zelah
Carnon Downs Surgery,Zelah
Carn to Coast Health Centres - St Day Surgery,Zelah
St Columb Road Surgery,Zelah
Mill Lane Surgery,Zelah
Devoran Surgery ,Zelah
Tregony Surgery,Zelah
Brannel Surgery,Zelah
Roseland Parc Surgery,Zelah
Connor Downs Surgery,Zennor
Godolphin Health,Zennor
Veor Surgery Admin Hub,Zennor
Carn to Coast Health Centres - Trevithick Surgery,Zennor
Veor Surgery,Zennor
Carn to Coast Health Centres,Zennor
Porthleven Surgery,Zennor
Harris Memorial Surgery,Zennor
Carn To Coast Health Centres - Homecroft Surgery ,Zennor
Meneage Street Surgery,Zennor
"Millbrook Surgery, Castle Cary",Zeals
Evercreech Surgery,Zeals
Avenue Surgery,Zeals
Tisbury Surgery,Zeals
Milborne Port Surgery,Zeals
The Blackmore Vale Partnership,Zeals
Fromefield Surgery,Zeals
Frome Medical Centre,Zeals
Blackmore Vale Partnership,Zeals
Child Okeford Surgery,Zeals
Campus View Medical Centre,Zouch
Forest House Surgery,Zouch
Pinfold Medical Practice,Zouch
Park View Surgery,Zouch
East Leake,Zouch
Village Health Group,Zouch
Beaumont Road Surgery,Zouch
Manor House Surgery,Zouch
CASTLE DONINGTON SURGERY,Zouch
Village Hall Surgery,Zouch
Chagford Health Centre,Zeal Monachorum
Hatherleigh Medical Centre,Zeal Monachorum
Moretonhampstead Health Centre,Zeal Monachorum
Old Stable Surgery,Zeal Monachorum
Redlands Primary Care â€“ Thorverton,Zeal Monachorum
Exwick Health Centre,Zeal Monachorum
Foxhayes Practice,Zeal Monachorum
Christow Surgery,Zeal Monachorum
South Molton Medical Centre,Zeal Monachorum
Student Health Centre,Zeal Monachorum
Helston Medical Centre,Zennor
Redruth Health Centre,Zennor
Leatside Health Centre,Zennor
Lanner Surgery,Zennor
Mount Hawke Surgery,Zennor
Carn to Coast Health Centres - St Day Surgery,Zennor
The Penryn Surgery,Zennor
St. Agnes Surgery,Zennor
Constantine Surgery,Zennor
The Mullion & Constantine Group Practice,Zennor
Lanner Surgery,Zelah
Redruth Health Centre,Zelah
Leatside Health Centre,Zelah
The Clays Practice,Zelah
Mylor Surgery,Zelah
St Austell Healthcare - Foxhole,Zelah
Carn To Coast Health Centres - Homecroft Surgery ,Zelah
Harris Memorial Surgery,Zelah
The Penryn Surgery,Zelah
Carn to Coast Health Centres,Zelah
Park Medical Practice,Zeals
Mendip Country Practice,Zeals
Queen Camel Medical Centre,Zeals
The Grove Medical Centre,Zeals
The Apples Medical Centre,Zeals
Westbury Group Practice,Zeals
Beckington Family Practice,Zeals
Grove House Surgery,Zeals
Cherry Orchard Surgery,Zeals
Sherborne School Health Centre,Zeals
Quorn Medical Centre,Zouch
Dr Sjc Clay's Practice,Zouch
Barrow Health Centre,Zouch
Sawley Branch Surgery,Zouch
Dr AM Lewis' Practice,Zouch
Whitwick Health Centre,Zouch
The Moir Medical Centre,Zouch
The Aitune Medical Practice,Zouch
West Park Surgery,Zouch
Chilwell Meadows Surgery,Zouch
Hendra,Zelah
Penryn Surgery,Zelah
Roseland Surgeries,Zelah
Falmouth Health Centre,Zelah
Trescobeas Surgery,Zelah
St Mawes Surgery,Zelah
Woodlane Surgery,Zelah
Clays Practice,Zelah
Westover Surgery,Zelah
St Austell Healthcare - Park,Zelah
Chacewater Health Centre,Zennor
Hendra,Zennor
Threemilestone Surgery,Zennor
Penryn Surgery,Zennor
The Penryn Surgery,Zennor
Perranporth Surgery,Zennor
Devoran Surgery ,Zennor
Carnon Downs Surgery,Zennor
Falmouth Health Centre,Zennor
Trescobeas Surgery,Zennor
Oakhill Surgery,Zeals
The Spring Orchard Surgery,Zeals
Chilcompton Branch Surgery,Zeals
Westfield Surgery,Zeals
Bratton Surgery,Zeals
Hope House Surgery,Zeals
St Chads Surgery,Zeals
Somerton House Surgery,Zeals
Oaklands Surgery,Zeals
Sixpenny Handley Surgery,Zeals
St Thomas Medical Group,Zeal Monachorum
Clock Tower Surgery,Zeal Monachorum
St Leonards Practice,Zeal Monachorum
Mount Pleasant Health Centre,Zeal Monachorum
Southernhay House Surgery,Zeal Monachorum
BARNFIELD HILL SURGERY,Zeal Monachorum
Wyndham House Surgery,Zeal Monachorum
Isca Medical Practice,Zeal Monachorum
Ide Lane Surgery,Zeal Monachorum
Heavitree Practice,Zeal Monachorum
Mylor Surgery,Zennor
Dr Dorrell & partners,Zennor
Westover Surgery,Zennor
Woodlane Surgery,Zennor
Dr Dorrell & partners,Zennor
Three Spires Medical Practice,Zennor
Lander Medical Practice,Zennor
Cornwall Health For Homeless,Zennor
ST KEVERNE HEALTH CENTRE,Zennor
St Mawes Surgery,Zennor
Carn to Coast Health Centres - Trevithick Surgery,Zelah
Veor Surgery,Zelah
Veor Surgery Admin Hub,Zelah
St Austell Healthcare - Carlyon Road Health Hub,Zelah
The Clays Practice,Zelah
Mevagissey Surgery,Zelah
St Austell Health Group,Zelah
St Merryn Surgery,Zelah
The Penryn Surgery,Zelah
Godolphin Health,Zelah
Hillcrest Surgery,Zeals
Broadchalke Surgery,Zeals
Trowbridge Health Centre at Wingfield Road,Zeals
Millfield Prep School,Zeals
Elm Hayes Surgery,Zeals
Nhs Yeovil Health Centre,Zeals
"Ryalls Park Medical Centre, Yeovil",Zeals
The Blandford Group Practice,Zeals
Wells City Practice,Zeals
Wells Health Centre,Zeals
South Lawn Medical Practice,Zeal Monachorum
Black Torrington Surgery,Zeal Monachorum
Whipton Branch Surgery,Zeal Monachorum
Castle Place Practice,Zeal Monachorum
Amicus Health,Zeal Monachorum
Whipton Surgery,Zeal Monachorum
WONFORD GREEN SURGERY,Zeal Monachorum
Hill Barton Surgery,Zeal Monachorum
Pinhoe Surgery,Zeal Monachorum
Topsham Surgery at Sclns,Zeal Monachorum
College Street Medical Practice,Zouch
Aston Surgery,Zouch
Broom Leys Surgery,Zouch
Overdale Medical Practice,Zouch
Toton Branch Surgery,Zouch
Country House,Zouch
Alpine House Surgery,Zouch
Church House Surgery,Zouch
The Surgery,Zouch
Dr NR Pulman's Practice,Zouch
Newquay Health Centre,Zennor
Narrowcliff Surgery,Zennor
Constantine Surgery,Zelah
Connor Downs Surgery,Zelah
Petroc Group Practice,Zelah
Petroc Group Practice,Zelah
Middleway Surgery,Zelah
Par Health Centre,Zelah
Wadebridge & Camel Estuary Practice,Zelah
Port Isaac Practice,Zelah
Bodriggy Health Centre,Zelah
Helston Medical Centre,Zelah
The Ilchester Surgery,Zeals
Lovemead Group Practice,Zeals
"Penn Hill Surgery, Yeovil",Zeals
Winterbourne Stickland,Zeals
Diamond Health Group,Zeals
Trowbridge Health Centre,Zeals
"Preston Grove Medical Centre, Yeovil",Zeals
Yetminster Medical Centre,Zeals
Abbey Manor Medical Practice,Zeals
Glastonbury Health Centre,Zeals
Castle Gardens Surgery,Zeal Monachorum
TORRINGTON HEALTH CENTRE,Zeal Monachorum
Blundells School,Zeal Monachorum
Glasshouse Medical Centre,Zeal Monachorum
Bovey Tracey & Chudleigh Practice,Zeal Monachorum
Broadclyst Surgery,Zeal Monachorum
Westbank Practice - Exminster Surgery,Zeal Monachorum
Westbank Practice,Zeal Monachorum
Bradninch Surgery,Zeal Monachorum
Tower House Surgery,Zeal Monachorum
The Ruddington Med Centre,Zouch
Charnwood Surgery,Zouch
John Ryle Medical Practice,Zouch
Clifton Medical Practice,Zouch
Melbourne & Chellaston Medical Practice,Zouch
Rivergreen Medical Centre,Zouch
Sunrise Medical Practice,Zouch
The Banks Surgery,Zouch
Keyworth Medical Practice,Zouch
Dr MK Lakhani's Practice,Zouch
Meneage Street Surgery,Zelah
Dr LUNNY & partners,Zelah
Bosvena Health,Zelah
Bosvena Health,Zelah
Lostwithiel Surgery,Zelah
ST KEVERNE HEALTH CENTRE,Zelah
Porthleven Surgery,Zelah
Fowey River Practice,Zelah
Polruan Surgery,Zelah
Stennack Surgery,Zelah
Port Isaac Practice,Zelah
Port Isaac Surgery,Zelah
Marazion Surgery,Zelah
The Mullion & Constantine Group Practice,Zelah
Blisland Village Hall,Zelah
Dr Dorrell & partners,Zelah
Dr NASH & partner,Zelah
Pelynt Surgery,Zelah
Polperro Surgery,Zelah
Morrab Surgery,Zelah
Millfield Senior School,Zeals
Buttercross Health Centre,Zeals
St. Mary's Surgery,Zeals
Glastonbury Surgery,Zeals
Bradford-on-Avon and Melksham Health,Zeals
St Margaret's Surgery,Zeals
Milton Abbas Surgery,Zeals
Winsley / Tyning Road Branch Surgery,Zeals
Vine Surgery Partnership,Zeals
Combe Down Branch Surgery,Zeals
The Health Centre (Chudleigh),Zeal Monachorum
TOPSHAM SURGERY,Zeal Monachorum
Cranbrook Medical Practice,Zeal Monachorum
Amicus Health - Bampton Surgery,Zeal Monachorum
College Surgery Partnership,Zeal Monachorum
Bramblehaies Surgery,Zeal Monachorum
Ilford Park Polish Home,Zeal Monachorum
Exmoor Medical Centre,Zeal Monachorum
Litchdon Medical Centre,Zeal Monachorum
Princetown Surgery,Zeal Monachorum
Chilwell Valley and Meadows Practice,Zouch
Hugglescote Surgery,Zouch
Adam House Medical Centre,Zouch
Markfield Medical Centre,Zouch
The Manor Surgery,Zouch
The Oaks Medical Centre,Zouch
Saxon Cross Surgery,Zouch
The Linden Medical Group,Zouch
HILLSIDE MEDICAL CENTRE,Zouch
Lister House Chellaston,Zouch
